word,frequency
code,49
class,41
vector,33
coroutine,30
library,28
function,24
rocksdb,22
performance,21
object,21
include,21
time,20
functions,19
coroutines,19
example,18
such,18
threads,18
2022,17
thread,17
member,17
value,17
version,17
than,16
could,16
without,15
program,15
standard,15
features,15
possible,15
implementation,15
dont,14
language,14
first,14
very,14
access,14
reference,14
method,14
original,13
looking,12
their,12
post,12
support,12
test,12
file,12
memory,12
most,12
question,12
windows,12
return,12
photon,12
because,11
range,11
much,11
well,11
were,11
release,11
while,11
find,11
solution,11
compiler,11
anyone,11
work,10
them,10
following,10
after,10
list,10
case,10
names,10
still,10
project,10
length,10
variables,10
even,10
number,10
modern,10
each,10
programs,10
itself,10
over,10
default,10
modules,10
methods,10
syntax,10
type,9
including,9
must,9
libraries,9
people,9
being,9
meeting,9
since,9
const,9
high,9
found,9
available,9
small,9
same,9
operations,9
source,9
doesnt,9
data,9
then,9
problem,9
results,9
error,9
msvc,9
read,9
system,9
engine,9
tools,9
long,9
emsp,9
youre,8
point,8
nbsp,8
however,8
better,8
writing,8
might,8
released,8
parameters,8
arguments,8
current,8
interface,8
pointer,8
open,8
seems,8
objects,8
destructor,8
these,8
call,8
dynamic,8
simple,8
understand,8
port,8
write,8
take,8
requires,8
server,8
random,8
vcpu,8
those,7
info,7
hope,7
main,7
general,7
able,7
think,7
finally,7
lockfree,7
mcas,7
through,7
state,7
trying,7
every,7
cases,7
makes,7
passing,7
good,7
feature,7
namespace,7
another,7
build,7
compile,7
best,7
learning,7
header,7
public,7
supports,7
whether,7
needs,7
concurrency,7
condition,7
argument,7
comments,6
questions,6
multiple,6
templates,6
template,6
full,6
certain,6
required,6
done,6
useful,6
different,6
look,6
years,6
reason,6
webinar,6
everyone,6
practice,6
implemented,6
macos,6
cppcon,6
similar,6
framework,6
atomic,6
types,6
note,6
container,6
single,6
tests,6
classes,6
allocation,6
platform,6
projects,6
hello,6
zork,6
inside,6
give,6
auto,6
propowner,6
they,6
clion,6
rule,6
stdcout,6
database,6
passed,6
variable,6
copy,6
rules,5
toplevel,5
thats,5
formatting,5
lines,5
company,5
link,5
part,5
candidates,5
provide,5
working,5
experience,5
otherwise,5
share,5
written,5
releases,5
between,5
things,5
recently,5
idea,5
seen,5
community,5
imagine,5
context,5
introduction,5
many,5
running,5
based,5
network,5
documentation,5
channel,5
youtube,5
efficient,5
contains,5
index,5
array,5
change,5
means,5
longer,5
reasons,5
provided,5
sense,5
quality,5
unit,5
wondering,5
software,5
either,5
application,5
start,5
under,5
thank,5
therefore,5
components,5
order,5
unfortunately,5
valid,5
calls,5
doing,5
programmer,5
though,5
classic,5
instead,5
control,5
replace,5
cache,5
users,5
clean,5
interested,5
operation,5
storage,5
highperformance,5
photons,5
transformation,5
explicitly,5
multithreaded,5
event,5
iouring,5
synchronization,5
modify,5
vector3,5
create,4
discussion,4
hiring,4
mention,4
name,4
page,4
demand,4
specify,4
remote,4
details,4
languages,4
addition,4
boost,4
client,4
tool,4
game,4
forward,4
major,4
line,4
developers,4
quite,4
extensions,4
getting,4
shouldnt,4
elements,4
important,4
oneapi,4
everything,4
topic,4
making,4
applications,4
kind,4
online,4
stdexpected,4
size,4
thing,4
words,4
learn,4
github,4
resource,4
parameter,4
logic,4
stored,4
across,4
userdefined,4
containers,4
debug,4
testing,4
recommend,4
output,4
visual,4
studio,4
stack,4
level,4
suggestions,4
rate,4
introducing,4
vcpkg,4
usage,4
believe,4
check,4
linux,4
ranges,4
command,4
examples,4
uses,4
basically,4
especially,4
algorithms,4
less,4
actually,4
rcppquestions,4
easier,4
implementing,4
difference,4
properties,4
effort,4
wont,4
propertyownert,4
private,4
overhead,4
optimization,4
detailed,4
achieve,4
benchmark,4
curious,4
field,4
naming,4
convention,4
special,4
particular,4
helper,4
definition,4
iostream,4
circumstances,4
cores,4
emspthe,4
asynchronous,4
lockmu,4
stdendl,4
games,4
float,4
vector4,4
readable,4
jobs,3
extra,3
below,3
comment,3
posting,3
specific,3
compensation,3
section,3
optional,3
actual,3
waste,3
live,3
description,3
levels,3
show,3
anything,3
youve,3
updates,3
before,3
implement,3
wouldnt,3
standalone,3
last,3
deducing,3
c23s,3
algotrading,3
year,3
basic,3
block,3
destructors,3
static,3
godbolt,3
sure,3
knowledge,3
math,3
gpus,3
local,3
love,3
view,3
initialization,3
second,3
highlights,3
registration,3
videos,3
future,3
back,3
basics,3
hardware,3
expected,3
usually,3
compare,3
algorithm,3
portable,3
perform,3
guess,3
problems,3
holds,3
address,3
works,3
except,3
often,3
cant,3
currently,3
adding,3
poor,3
manually,3
generally,3
feels,3
becomes,3
stable,3
harder,3
follows,3
looks,3
path,3
aware,3
probably,3
modifying,3
speed,3
embedded,3
half,3
prefer,3
proposal,3
someone,3
happened,3
cool,3
critical,3
short,3
char,3
execution,3
thanks,3
times,3
scale,3
both,3
constructor,3
supported,3
given,3
browse,3
optimized,3
engines,3
regarding,3
feedback,3
called,3
replacement,3
legacy,3
turns,3
binary,3
concepts,3
appropriate,3
keep,3
repo,3
next,3
model,3
tlexpected,3
true,3
it’s,3
limited,3
specified,3
unspecified,3
lowlatency,3
started,3
pointers,3
didnt,3
difficult,3
exception,3
allow,3
cannot,3
simply,3
unorderedmap,3
property,3
similarly,3
getters,3
setters,3
later,3
fread,3
native,3
snakecase,3
exceptions,3
semantics,3
seem,3
changing,3
coding,3
multithreading,3
definitions,3
declaration,3
simplicity,3
date,3
figure,3
already,3
allows,3
chat,3
issues,3
industry,3
side,3
calling,3
largescale,3
heavy,3
highconcurrency,3
double,3
background,3
always,3
sourced,3
former,3
achieved,3
dbbench,3
stackful,3
posix,3
async,3
switching,3
scheduler,3
determine,3
epoll,3
overall,3
easily,3
mutex,3
futex,3
steps,3
bool,3
emspin,3
threadlocal,3
keyword,3
scenario,3
requests,3
behaves,3
refactoringcode,3
generation,3
developing,3
desktop,3
macbook,3
rather,3
situations,3
individuals,2
employers,2
feel,2
free,2
ontopic,2
directly,2
skip,2
thirdparty,2
great,2
consolidate,2
reddiquette,2
text,2
empty,2
separate,2
edit,2
extreme,2
choose,2
contain,2
saying,2
isnt,2
offer,2
option,2
remotely,2
require,2
technologies,2
mainly,2
reddit,2
send,2
request,2
hear,2
previous,2
tell,2
includes,2
others,2
applicable,2
dedicated,2
programmers,2
specifically,2
months,2
accepted,2
reviewing,2
peoples,2
codes,2
lead,2
mentioned,2
inline,2
mean,2
action,2
keynote,2
conjunction,2
committee,2
followed,2
typically,2
extended,2
summary,2
information,2
void,2
built,2
constructors,2
typename,2
operators,2
pretty,2
adopt,2
announce,2
discussing,2
json,2
turner,2
apply,2
ecal,2
measurements,2
monitoring,2
layer,2
enables,2
shared,2
extensive,2
week,2
external,2
systems,2
raii,2
optimizations,2
roughcut,2
unedited,2
recordings,2
remaining,2
onsite,2
sessions,2
httpscppconorgondemandhttpscppconorgondemand,2
stdunexpected,2
unnecessarily,2
talk,2
fits,2
dwcas,2
face,2
once,2
around,2
significantly,2
least,2
paper,2
sharing,2
bare,2
correctly,2
answer,2
suppose,2
manager,2
handle,2
resources,2
represents,2
deal,2
explicit,2
obviously,2
fragile,2
popback,2
possibility,2
ever,2
managed,2
global,2
existing,2
along,2
tries,2
defined,2
eliminate,2
values,2
happy,2
never,2
pushback,2
1810,2
notes,2
parsing,2
asio,2
improvements,2
computers,2
improved,2
unordered,2
lets,2
catch2,2
requiring,2
preview,2
logging,2
colors,2
snippets,2
planned,2
logger,2
prefix,2
world,2
errors,2
quantlib,2
considered,2
worked,2
foomakepositivev,2
else,2
foomakenegativev,2
total,2
unnecessary,2
lambdas,2
opensource,2
streams,2
networking,2
webservice,2
easy,2
functionality,2
scripting,2
explorer,2
search,2
updated,2
added,2
taking,2
buildsystem,2
traditional,2
files,2
having,2
resulting,2
base,2
completely,2
welcome,2
initial,2
providing,2
latest,2
needed,2
explained,2
rcpp2,2
thought,2
rcpp,2
subreddit,2
core,2
realworld,2
codebases,2
team,2
handling,2
i’ve,2
cleario,2
clear,2
allocated,2
designed,2
input,2
real,2
performed,2
chance,2
almost,2
validbutunspecified,2
moved,2
goes,2
remove,2
pred,2
proj,2
originally,2
course,2
programming,2
havent,2
helpful,2
gives,2
smart,2
catch,2
wanted,2
compiletime,2
translated,2
exist,2
studying,2
structures,2
hashtables,2
stdunorderedmap,2
checking,2
comes,2
fast,2
thisownera,2
thisownerb,2
slightly,2
verbose,2
members,2
limitation,2
owner,2
declpropertyprop,2
enablepropertydefaultsint,2
defaultget,2
defaultset,2
tested,2
optimal,2
assembly,2
evil,2
series,2
fixed,2
matters,2
delete,2
asked,2
answers,2
theoretical,2
readfile,2
struggle,2
consensus,2
machine,2
avoid,2
correct,2
experts,2
numa,2
camelcase,2
advice,2
consistent,2
immutable,2
stdmove,2
warnings,2
promisetype,2
style,2
thoughts,2
matter,2
format,2
design,2
anthony,2
williams,2
webassembly,2
rust,2
module,2
previously,2
effect,2
supposed,2
sorry,2
threadsafe,2
sake,2
guidelines,2
direct,2
likely,2
changes,2
thus,2
puts,2
position,2
apis,2
hard,2
exactly,2
contrast,2
goal,2
light,2
receive,2
benchmarking,2
frameworks,2
creation,2
said,2
coming,2
myself,2
struct,2
sfield,2
mvarvar,2
mvar,2
advance,2
numset,2
insert,2
numvec,2
strlist,2
rewrite,2
automatically,2
transform,2
emsprocksdb,2
wellknown,2
persistent,2
specially,2
mature,2
according,2
photonlibos,2
alibaba,2
solve,2
successfully,2
believed,2
terms,2
four,2
emspthere,2
asynccallback,2
emspas,2
among,2
mechanism,2
vcpus,2
user,2
yield,2
interrupt,2
necessary,2
above,2
naturally,2
synchronous,2
replaced,2
locks,2
ways,2
concurrent,2
semaphore,2
modified,2
primitives,2
kernel,2
syscalls,2
respectively,2
sleep,2
tasks,2
false,2
cvnotifyone,2
cvwaitlock,2
photonstdthread,2
emspwe,2
threadpool,2
wait,2
heavily,2
comparison,2
stdstring,2
pull,2
refer,2
taskset,2
opss,2
writes,2
tuning,2
transformed,2
clients,2
friendly,2
bottleneck,2
hand,2
faster,2
stores,2
separatelly,2
underlying,2
supporting,2
extend,2
automate,2
tsepepe,2
toolset,2
power,2
sonar,2
stay,2
register,2
macbooks,2
ebay,2
screen,2
challenging,2
result,2
vectors,2
vector1,2
vector1addvector2,2
vector1subtractvector2,2
vector3length,2
vectorx,2
otherx,2
othery,2
subtract,2
caller,2
flexibility,2
reply,1
meta,1
fine,1
bullet,1
recruiter,1
employer,1
openings,1
descriptions,1
replies,1
shorteners,1
forbids,1
theyre,1
opaque,1
spam,1
filter,1
awesome,1
says,1
stars,1
bold,1
sections,1
proofread,1
mistakes,1
companys,1
website,1
careers,1
internship,1
contract,1
omit,1
explaining,1
stand,1
numbers,1
anyones,1
competitive,1
location,1
wheres,1
office,1
offices,1
workplace,1
english,1
permanently,1
duration,1
pandemic,1
employees,1
areas,1
zones,1
visa,1
sponsorship,1
sponsor,1
visas,1
devs,1
seniority,1
c9803,1
linuxmacwindows,1
opengl,1
needwantlike,1
contact,1
contacted,1
email,1
telepathy,1
gravitational,1
waves,1
recruiters,1
modmail,1
preapproval,1
casebycase,1
basis,1
withhold,1
recommended,1
connect,1
unavailable,1
expect,1
treat,1
2022httpswwwredditcomrcppcommentsvqy0rtcjobsq32022,1
httpswwwreddithelpcomhcenusarticles205926439,1
httpswwwredditcomrcppcommentssz0cd5cjobsthreadsshouldincludesalarycompensation,1
december,1
nontrivial,1
straight,1
involve,1
alone,1
images,1
drawing,1
submission,1
generic,1
httpsoldredditcomrcppcommentsyj5jv1cshowandtellnovember2022,1
vision,1
swift,1
role,1
participate,1
reviews,1
leaned,1
thishttpsencppreferencecomwcpplanguagememberfunctionsexplicitobjectparameter,1
reminded,1
arent,1
logical,1
continuation,1
nonmember,1
soon,1
concrete,1
contemporary,1
daniela,1
engert,1
center,1
mightve,1
webinars,1
focussing,1
rangeshttpsprofitviewneteventsalgotradingcpp20ranges,1
conceptshttpsprofitviewneteventscppconceptslowlatencyalgotrading,1
purposes,1
sign,1
herehttpsprofitviewneteventscpppythonalgotrading,1
tuesday,1
10am,1
pacific,1
senior,1
financial,1
developer,1
antony,1
peacockhttpswwwlinkedincominantonypeacock,1
trainermentor,1
rainer,1
grimmhttpswwwlinkedincominrainergrimm,1
profitview,1
cofounder,1
richard,1
hicklinghttpswwwlinkedincominrthickling,1
hour,1
period,1
stockholmcpp,1
stockholms,1
activity,1
typeclass,1
templatetypename,1
weirdfn,1
sayknowdeduce,1
upon,1
indivisible,1
building,1
stdisconstructiblet,1
care,1
incomplete,1
tdata,1
tinc,1
ttemplate,1
bigincint,1
tfactory,1
tarrayfactory12,1
subtypesclassesaliases,1
tvaluetype,1
tarraytypen,1
sizeoft,1
alignoft,1
typeidt,1
httpsgodboltorgzfosx8t75bhttpsgodboltorgzfosx8t75b,1
stuff,1
conventions,1
sets,1
infoproperties,1
missing,1
floating,1
martin,1
hořeňovský,1
techtown,1
gdbfrontend,1
v0113beta,1
bugfixesimprovements,1
x8664,1
intelcodeplay,1
plugins,1
nvidia,1
heard,1
talks,1
decreases,1
readability,1
procon,1
pollhttpswwwredditcompollznqguz,1
uniform,1
guide,1
beginners,1
announcing,1
eclipseecal,1
today,1
eclipseecalhttpsgithubcomeclipseecalecal,1
interprocess,1
communication,1
autonomous,1
driving,1
robotic,1
ecalmon,1
htoplike,1
monitor,1
terminal,1
measurement,1
cutter,1
trimming,1
cutting,1
ecalrecorder,1
record,1
experimental,1
sharedmemory,1
publishsubscribe,1
serviceclient,1
additional,1
protocol,1
herehttpseclipseecalgithubioecal,1
091222,1
151222,1
timur,1
doumler,1
httpsyoutubegtpubz8n0nohttpsyoutubegtpubz8n0no,1
managing,1
api’s,1
enterprise,1
pete,1
muldoon,1
httpsyoutubecdfx1aqnycehttpsyoutubecdfx1aqnyce,1
historical,1
jens,1
weller,1
httpsyoutuberbuyp2sydohttpsyoutuberbuyp2sydo,1
andre,1
kostur,1
httpsyoutuberfu06xahx90httpsyoutuberfu06xahx90,1
bielak,1
httpsyoutubeqcjen5xrzhchttpsyoutubeqcjen5xrzhc,1
efficiency,1
ivica,1
bogosavljevic,1
httpsyoutubefst070h9c8httpsyoutubefst070h9c8,1
bjarne,1
stroustrup,1
bloat,1
unexpectedly,1
bloats,1
padding,1
alignment,1
enums,1
storing,1
space,1
happens,1
stdoptional,1
multiword,1
swap,1
watching,1
sharedptrshttpswwwyoutubecomwatchvgtpubz8n0no,1
wondered,1
contortions,1
crafting,1
confines,1
doubleword,1
adjacent,1
headaches,1
portability,1
wasnt,1
swapped,1
atomically,1
adjacency,1
restriction,1
played,1
distributed,1
collections,1
memcache,1
potentially,1
simpler,1
encouraged,1
mcashttpsarxivorgpdf200802527pdf,1
approaching,1
kcas,1
contention,1
2word,1
apparently,1
none,1
cited,1
dabbled,1
informallyhttpsgistgithubcombelm00c0978d1bbb7984774f6c549a577b38c,1
minimum,1
sharedptr,1
wall,1
tackling,1
sort,1
manages,1
grows,1
worry,1
involving,1
containing,1
everywhere,1
cleanup,1
tend,1
essentially,1
acts,1
preceded,1
solutions,1
excessive,1
amounts,1
arrays,1
populated,1
repeated,1
wasteful,1
composable,1
alternatively,1
feasible,1
limiting,1
shudder,1
bugs,1
linking,1
managers,1
boundary,1
permit,1
roughly,1
emit,1
backwards,1
broadest,1
reasoning,1
paths,1
deductions,1
inplace,1
reconstruction,1
nothing,1
fails,1
destroy,1
proper,1
destructive,1
moves,1
infect,1
emplaceback,1
unacceptable,1
approach,1
overlooked,1
herehttpswwwboostorgusershistoryversion1810html,1
boosturl,1
printing,1
urls,1
anycompletionhandler,1
awaiting,1
asyncoperations,1
cocompose,1
containerhash,1
boosthashstdstring,1
offtheshelf,1
hashing,1
annotated,1
boostdescribe,1
histogram,1
accumulatorsfraction,1
interval,1
fractions,1
utilityconfidencelevel,1
utilitydeviation,1
locale,1
compatibility,1
unorderedflatmap,1
unorderedflatset,1
safety,1
improving,1
blog,1
metal,1
1417,1
baremetal,1
c1417,1
baked,1
ostreams,1
reliance,1
printf,1
coutstreams,1
wanting,1
paradigm,1
starting,1
usedloved,1
attributes,1
highconfidence,1
lifetime,1
checks,1
p1066r1,1
stdexceptionptr,1
inspection,1
httpswwwopenstdorgjtc1sc22wg21docspapers2018p1066r1htmlhttpswwwopenstdorgjtc1sc22wg21docspapers2018p1066r1html,1
worthy,1
neutronlogger,1
finished,1
neutronloggerhttpsgithubcomaw1534neutronlogger,1
neutronenginehttpsgithubcomaw1534neutronengine,1
turn,1
hell,1
yeah,1
warn,1
stacktrace,1
highlight,1
frame,1
assertion,1
namespaces,1
catches,1
segfaults,1
signals,1
hyperlink,1
creator,1
loggerloggerh,1
mainint,1
argc,1
argv,1
messages,1
loggerloghello,1
loggerwarnthis,1
warning,1
loggercritthis,1
critcial,1
print,1
trace,1
loggerlogatthis,1
loggerlevelscrit,1
logat,1
loggererrorthis,1
examplehttpsgithubcomaw1534neutronengineblobmasterneutronexamplelogginglogmaincpp,1
examplehttpsimgurcomapxjekrf,1
took,1
gave,1
wellengineered,1
brief,1
past,1
don’t,1
developement,1
eyes,1
experienced,1
codebase,1
branching,1
consider,1
makefooint,1
branch,1
invocation,1
assignment,1
prevent,1
interpret,1
conditional,1
expressions,1
inbal,1
levi,1
stroika,1
threadsavvy,1
copyonwrite,1
serialization,1
tofrom,1
formats,1
integrated,1
httpsgithubcomsophistsolutionsstroikareadmehttpsgithubcomsophistsolutionsstroikareadme,1
vcpkglink,1
heyy,1
excited,1
vcpkglinkhttpsvcpkglink,1
dependencies,1
platforms,1
metadata,1
license,1
versions,1
portshttpsvcpkglinkbrowseall,1
portshttpsvcpkglinkbrowseupdated,1
portshttpsvcpkglinkbrowsenew,1
fresh,1
repository,1
showing,1
relevant,1
ulo1c74,1
initially,1
raising,1
browsers,1
pushed,1
develop,1
hearing,1
hesitate,1
days,1
zero,1
published,1
candidate,1
v031,1
focused,1
headers,1
configuration,1
corresponding,1
operating,1
installed,1
configure,1
autoexecution,1
integration,1
autogenerate,1
scratch,1
httpsgithubcomzerodaycodezorkhttpsgithubcomzerodaycodezork,1
whole,1
contribution,1
capable,1
life,1
awaited,1
throughout,1
history,1
ecosystem,1
techniques,1
21st,1
century,1
translation,1
units,1
docs,1
generates,1
playing,1
clang,1
installation,1
readmemd,1
guys,1
efforts,1
cppfront,1
carbon,1
focussed,1
distracted,1
kotlin,1
relegated,1
ggerganovwhispercpp,1
openais,1
whisper,1
generative,1
planning,1
aren’t,1
anybody,1
unfinished,1
cleariohttpsgithubcomnatewindcleario,1
wrapper,1
cstdio,1
nicer,1
readint,1
usertype,1
openfiletxtreadbool,1
hexstduint64t,1
printlnhello,1
world42true0b1100,1
openfiletxt,1
wprintlnstdvector,1
complete,1
readme,1
todo,1
listhttpsgithubcomnatewindclearioblobmastertodomd,1
looked,1
fmthttpsgithubcomfmtlibfmt,1
discovered,1
strings,1
clearly,1
featurerich,1
questioning,1
usefullness,1
parts,1
adapted,1
notably,1
printhttpsencppreferencecomwcppheaderprint,1
opposed,1
exercises,1
linebyline,1
parsed,1
advanced,1
kinda,1
useless,1
there’s,1
scrap,1
stop,1
wasting,1
overqualified,1
juniorhttpsnatewindgithubioresumeen,1
developerhttpswwwlinkedincominsdksing,1
fairly,1
competent,1
commercial,1
specialized,1
skills,1
inconsistency,1
movedfrom,1
tldr,1
leave,1
2020,1
draft,1
openstd,1
newest,1
2568,1
repllicated,1
entirety,1
rangesremoveifr,1
wording,1
element,1
returned,1
moving,1
165516,1
unless,1
move,1
nonlibrary,1
arose,1
outhttpswwwredditcomrcppquestionscommentszgvxnvshouldamovedfromobjectmaintaininvariants,1
latency,1
frequency,1
trading,1
tanjeeb,1
selftaught,1
specializing,1
exposed,1
concept,1
watched,1
navigate,1
repos,1
structured,1
cheers,1
helpers,1
kdalgorithms,1
going,1
weeks,1
management,1
came,1
interesting,1
yesterday,1
whereby,1
encode,1
message,1
caught,1
doable,1
thrown,1
blocks,1
templated,1
ended,1
technical,1
noones,1
belle,1
views,1
devil,1
nico,1
josuttis,1
confused,1
hashmaps,1
stdmap,1
tutorials,1
hashtable,1
confusion,1
experimenting,1
clike,1
macro,1
magic,1
putting,1
interacts,1
nicely,1
httpsgithubcomlmauriciusmutilizeblobmasterdeclpropertyhhttpsgithubcomlmauriciusmutilizeblobmasterdeclpropertyh,1
declare,1
propertylike,1
declpropertyabsum,1
declgetint,1
declsetint,1
enablethisownerpropowner,1
absum,1
usual,1
declarations,1
powerful,1
declpropertys,1
body,1
modifiers,1
inherit,1
anyway,1
enablethisowner,1
owning,1
publicly,1
readonly,1
changed,1
thoroughly,1
quick,1
httpsgodboltorghttpsgodboltorg,1
produce,1
obfuscates,1
clever,1
compilers,1
minimize,1
0length,1
0size,1
structs,1
avoided,1
force,1
byte,1
algos,1
tr1unorderedmap,1
dependent,1
basicfstream,1
moderators,1
pollute,1
beginner,1
title,1
mostly,1
missed,1
560mbs,1
550mbs,1
winapis,1
confirmed,1
crystaldiskmark,1
baseline,1
490mbs,1
basicifstreamread,1
moreover,1
stdifstreamread,1
worse,1
speeds,1
reading,1
realtime,1
readytocompile,1
detailing,1
stdifstream,1
compiled,1
httpswwwredditcomrcppquestionscommentszh377vrequestforfeedbackonperformancedifferenceshttpswwwredditcomrcppquestionscommentszh377vrequestforfeedbackonperformancedifferences,1
disablecachingfunction,1
objection,1
familiar,1
node,1
debuggers,1
execute,1
“numactl,1
cpunodebind012345,1
localalloc”,1
nodes,1
debugger,1
wayland,1
pascalcase,1
cppcoreguidelines,1
suggesthttpsisocppgithubiocppcoreguidelinescppcoreguidelinesnl10preferunderscorestylenames,1
evidently,1
motivation,1
quietnan,1
presuming,1
nice,1
conform,1
possiblehttpsgithubcomconscatlibcat,1
stdsourcelocation,1
assigns,1
stdconstructat,1
inlined,1
moverelated,1
intrusively,1
lettercase,1
unavoidable,1
enforce,1
absolutely,1
reasonable,1
handful,1
niche,1
personally,1
strong,1
compilererrorabusebased,1
large,1
renaming,1
opposite,1
compareexchange,1
exchange,1
bytestream,1
super,1
intuitive,1
safe,1
reliable,1
utility,1
serialisation,1
deserialization,1
complex,1
deeply,1
nested,1
andrei,1
alexandrescu,1
120222,1
120822,1
standardized,1
package,1
luis,1
caro,1
campos,1
httpswwwyoutubecomwatchvwjyxehofwwchttpswwwyoutubecomwatchvwjyxehofwwc,1
jason,1
httpswwwyoutubecomwatchvzlvnpgggyhttpswwwyoutubecomwatchvzlvnpgggy,1
neovim,1
prateek,1
raman,1
httpswwwyoutubecomwatchvnzrnwujgjl8httpswwwyoutubecomwatchvnzrnwujgjl8,1
httpswwwyoutubecomwatchva7svfjljmahttpswwwyoutubecomwatchva7svfjljma,1
embracing,1
trailing,1
safely,1
pablo,1
halpern,1
httpswwwyoutubecomwatchvtnl7fnwj2uwhttpswwwyoutubecomwatchvtnl7fnwj2uw,1
mdspan,1
deep,1
dive,1
spanning,1
kokkos,1
sycl,1
nevin,1
liber,1
httpswwwyoutubecomwatchvlvylnaqb96uhttpswwwyoutubecomwatchvlvylnaqb96u,1
scylladb’s,1
scylladb,1
regular,1
httpsthenewstackioscylladbstakeonwebassemblyforuserdefinedfunctionshttpsthenewstackioscylladbstakeonwebassemblyforuserdefinedfunctions,1
broader,1
implications,1
defining,1
layout,1
losing,1
prefixed,1
outside,1
broadly,1
seemed,1
targets,1
analogous,1
mistaken,1
articles,1
subject,1
sparsely,1
intel’s,1
nonintel,1
blender,1
that’s,1
couldn’t,1
others’,1
lock,1
stupid,1
overtakes,1
popularity,1
trees,1
hardlynever,1
baffles,1
hoping,1
insight,1
pastebinhttpspastebincomtarprgat,1
pseudodynamic,1
statically,1
keeps,1
track,1
fail,1
currentsize,1
nonatomic,1
unsigned,1
effects,1
sergey,1
slotin,1
stdoutptr,1
stdinoutptr,1
disagree,1
c4httpsisocppgithubiocppcoreguidelinescppcoreguidelinesrcmember,1
argues,1
posits,1
states,1
nextweekdaydate,1
troubles,1
accesses,1
prefaced,1
pain,1
clutter,1
conversely,1
suddenly,1
knowing,1
predict,1
tightly,1
couples,1
brittle,1
designer,1
decides,1
appropriately,1
independent,1
benefits,1
smaller,1
worth,1
tightlycoupled,1
unclear,1
overload,1
journal,1
messaging,1
enjoying,1
zeromq,1
abstraction,1
particularly,1
packet,1
guaranteed,1
delivery,1
boilerplate,1
receiving,1
stream,1
payload,1
starts,1
ends,1
inlinebench,1
wowowow,1
plenty,1
weight,1
place,1
wherever,1
macros,1
microbenchmarking,1
affected,1
ideas,1
inlinebenchhttpsgithubcomlfreistinlinebench,1
parlor,1
trick,1
included,1
continue,1
journey,1
despite,1
advent,1
doubt,1
mindblowing,1
definitely,1
someones,1
arsenal,1
lying,1
middle,1
hasnt,1
deflating,1
teach,1
computer,1
graphics,1
shadersray,1
tracers,1
whipped,1
seconds,1
break,1
pointless,1
scary,1
gnupacked,1
optimize,1
offset,1
nibble,1
preventing,1
avoiding,1
packed,1
indirection,1
httpsgccgodboltorgzhavgqxean,1
sender,1
asynchrony,1
survey,1
declaring,1
pollhttpswwwredditcompollzdi5rt,1
references,1
appreciated,1
exampleref,1
examplerefconst,1
verses,1
examplepointer,1
examplepointerconst,1
responses,1
formatted,1
edit2,1
stdfromrange,1
heres,1
demonstration,1
stdsetfloat,1
6312345912,1
takes,1
stdfromranget,1
whose,1
rangevaluet,1
convertible,1
wise,1
internally,1
equivalent,1
reservenumsetsize,1
sized,1
memcopy,1
contiguous,1
performancewise,1
numvecnumsetcbegin,1
numsetcend,1
iterator,1
determined,1
constant,1
reserve,1
stdvectorint,1
numvecstdfromrange,1
append,1
numvecappendrangestdviewsiota10,1
stdviewstake3,1
numvecinsertrangenumveccbegin,1
stdarray,1
deduction,1
stdlist,1
numliststdfromrange,1
numvecassignrangestdarray,1
stdformatn,1
stdrangesto,1
prettier,1
pipe,1
composition,1
stdliststdstring,1
strvec,1
stdviewsasrvalue,1
stdrangestostdvector,1
strlistclear,1
drastically,1
impact,1
characters,1
implicit,1
conversions,1
whats,1
viewsenumerate,1
600000,1
emspby,1
amount,1
converting,1
rest,1
helped,1
logstructured,1
devices,1
opensourced,1
2013,1
coverage,1
wealth,1
engineering,1
engineers,1
multithreads,1
lighter,1
busy,1
switch,1
spend,1
dozen,1
nanoseconds,1
hereafter,1
referred,1
developed,1
nginx,1
weve,1
meanwhile,1
business,1
architecture,1
encountered,1
bottlenecks,1
began,1
investigate,1
issue,1
technology,1
grafting,1
attempt,1
conclusion,1
went,1
surprisingly,1
smooth,1
script,1
scan,1
automatic,1
conversion,1
emspaccording,1
customers,1
requirements,1
2019,1
3175,1
3170,1
success,1
9987,1
preliminary,1
analysis,1
failures,1
fundamental,1
instance,1
environment,1
failed,1
affect,1
normal,1
measure,1
typical,1
usages,1
compared,1
common,1
models,1
stackless,1
shown,1
fiber,1
refers,1
occupy,1
shift,1
perceptible,1
migrate,1
linkhttpsuserimagesgithubusercontentcom4076315205599581dea8dd5d1bef4e488f149a42a6ca3f8epng,1
regarded,1
lightweight,1
designing,1
compatible,1
reminder,1
unique,1
libs,1
emspbesides,1
depend,1
await,1
encapsulated,1
intrusive,1
emspeach,1
socalled,1
come,1
aspects,1
invoked,1
processor,1
acrossvcpu,1
migration,1
concerned,1
timer,1
expires,1
emspbecause,1
sequence,1
timing,1
regard,1
kqueue,1
highversion,1
kernels,1
batch,1
submissions,1
reaps,1
syscall,1
improve,1
emspmoreover,1
biggest,1
ordinary,1
encapsulation,1
unlike,1
libaio,1
callback,1
aligned,1
encounter,1
trouble,1
psync,1
proposed,1
golangs,1
implements,1
philosophies,1
communicate,1
communicating,1
rely,1
futexwake,1
futexwait,1
usermode,1
manage,1
linked,1
introduce,1
emsp1,1
equivalents,1
stdmutex,1
stdconditionvariable,1
stdthread,1
stdthisthreadsleepforstdchronoseconds1,1
stdlockguardstdmutex,1
stduniquelockstdmutex,1
emspafter,1
photonstdmutex,1
photonstdconditionvariable,1
photonstdthisthreadsleepforstdchronoseconds1,1
photonstdlockguardphotonstdmutex,1
photonstduniquelockphotonstdmutex,1
front,1
flatten,1
curve,1
bring,1
convenience,1
migrating,1
digging,1
created,1
generated,1
performing,1
compaction,1
flush,1
coroutinepool,1
sleepfor,1
emsp2,1
step,1
threadspecific,1
pthreadsetnamenp,1
renames,1
priority,1
emsp3,1
photonthreadlocalptr,1
introduced,1
specifickey,1
related,1
pthread,1
relies,1
outdated,1
acquire,1
piece,1
exclusive,1
emspcode,1
threadlocalptr,1
photonthreadlocalptrvalue,1
value123,1
facilitate,1
verification,1
forked,1
submitted,1
requesthttpsgithubcomdataacceleratorrocksdbpulls,1
emspplease,1
photonbenchmd,1
setting,1
fairness,1
maximum,1
highend,1
cloud,1
million,1
cleanedcold,1
minute,1
final,1
overwritesync0,1
overwritesync1,1
updatesync1,1
703k,1
1260k,1
590k,1
447k,1
678k,1
2191k,1
639k,1
453k,1
emspwhen,1
sync,1
flushed,1
immediately,1
rocksdbs,1
lsmbased,1
efficiently,1
convert,1
sequential,1
tremendously,1
decrease,1
observed,1
entire,1
workload,1
cpubounded,1
multi,1
targeted,1
volatilepause,1
idle,1
corelocal,1
accelerate,1
percore,1
properly,1
discussed,1
hole,1
coroutinebased,1
seeing,1
remarkable,1
fact,1
greatest,1
lies,1
discovering,1
potential,1
capability,1
loop,1
facto,1
netty,1
left,1
indeed,1
utilize,1
threadpools,1
distribute,1
maintain,1
multiplexing,1
connector,1
sometimes,1
emspon,1
enabled,1
group,1
commit,1
combined,1
larger,1
millions,1
serious,1
competitions,1
requirement,1
customer,1
embeded,1
reduced,1
keys,1
increase,1
1000,1
rocksdb8,1
vcup,1
threadpool64,1
threadpool128,1
threadpool256,1
threadpool512,1
297k,1
163k,1
148k,1
removed,1
limit,1
allowing,1
physical,1
increases,1
emerges,1
twice,1
summarize,1
proved,1
advantages,1
emspit,1
declared,1
stays,1
leveraged,1
refine,1
rocksdb’s,1
internal,1
adaptable,1
three,1
maximize,1
reduce,1
competition,1
probability,1
drain,1
cpubound,1
workloads,1
httpsgithubcomalibabaphotonlibos,1
wg21,1
november,1
mailing,1
polymorphic,1
variantswarmts,1
stdvariantts,1
visit,1
visittypes,1
viewtypes,1
stdvector,1
defaulthttpsgithubcomkelbonanyanyblobmainincludevariantswarmhpphttpsgithubcomkelbonanyanyblobmainincludevariantswarmhpp,1
variantswarmint,1
runtime,1
polymorphism,1
overloads,1
finserthello,1
finsert155,1
finsert314,1
prints,1
fvisitallauto,1
dataparallelvectort,1
stdvectort,1
usefull,1
parallel,1
computing,1
stdvectorlike,1
acceses,1
stdvectorbool,1
specialization,1
existhttpsgithubcomkelbonanyanyblobmainincludedataparallelvectorhpphttpsgithubcomkelbonanyanyblobmainincludedataparallelvectorhppsmall,1
mytype,1
dataparallelvectormytype,1
stdspanint,1
spandouble,1
spanbool,1
mgmath,1
vectormatrix,1
httpsgithubcomszabotudormgmathhttpsgithubcomszabotudormgmath,1
alpha,1
contributions,1
cmake,1
gain,1
official,1
meson,1
near,1
releasing,1
applicationprogram,1
officially,1
beyond,1
sending,1
trust,1
steal,1
microsoft,1
sdl2,1
1011,1
sandbox,1
ólafur,1
waage,1
interfaces,1
repeating,1
implementor,1
baseclause,1
overrides,1
decided,1
tsepepehttpsgithubcomkkoovalskytsepepe,1
aforementioned,1
problemsolving,1
separated,1
advantage,1
realized,1
ideally,1
introduces,1
little,1
clunky,1
known,1
turning,1
profitable,1
vimmer,1
tsepepevimhttpsgithubcomkkoovalskytsepepevim,1
plugin,1
utilizator,1
resharper,1
repeatedly,1
hosting,1
phil,1
nash,1
cover,1
guided,1
builder,1
merge,1
products,1
lessthanobvious,1
we’ll,1
minimal,1
overloaded,1
join,1
ushttpssonarsourcezoomuswebinarregister7016673783863wngswcuvwvqjsjkh2bi94uq,1
can’t,1
recording,1
fuzztest,1
executing,1
fuzz,1
propertybased,1
executed,1
coverageguided,1
fuzzing,1
hood,1
ideal,1
workflow,1
compileon,1
afterward,1
plan,1
connection,1
preferably,1
vscode,1
development,1
target,1
wasted,1
googling,1
google,1
bought,1
ironically,1
deciding,1
cheap,1
fully,1
functional,1
cheaper,1
laptopwith,1
rendering,1
fonts,1
amazing,1
talking,1
20152016,1
somehow,1
msbuild,1
download,1
helping,1
astonishing,1
right,1
truncated,1
exact,1
transcript,1
conversation,1
pardon,1
spelling,1
tired,1
hasty,1
excitment,1
twodimensional,1
represent,1
horizontal,1
vertical,1
addother,1
together,1
subtractother,1
subtracting,1
calculated,1
pythagorean,1
theorem,1
sqrtx2,1
vector2,1
7810249675906654,1
x200b,1
cmath,1
define,1
vectorint,1
addconst,1
subtractconst,1
sqrtx,1
vector13,1
vector21,1
vector3x,1
vector3y,1
vector4x,1
vector4y,1
adress,1
varibles,1
rathe,1
couple,1
wants,1
update,1
signature,1
cleaner,1
drop,1
handled,1
complexity,1
unexpected,1
behavior,1
troubleshoot,1
choice,1
pass,1
tradeoff,1
maintainable,1
overuse,1
helps,1
llvmclang,1
llvmmos,1
appears,1
gaming,1
